ANO,ENE,FEB,MAR,ABR,MAY,JUN,JUL,AGOS,SEP,OCT,NOV,DIC
2018,44494502,44494502,44494502,44494502,44494502,44494502,44494502,44531519.5,44568537.0,44605554.5,44642572.0,44679589.5
2019,44716607.0,44753624.5,44790642.0,44827659.5,44864677.0,44901694.5,44938712,44975216.25,45011720.5,45048224.75,45084729.0,45121233.25
2020,45157737.5,45194241.75,45230746.0,45267250.25,45303754.5,45340258.75,45376763,45412761.666666664,45448760.333333336,45484759.0,45520757.666666664,45556756.333333336
2021,45592755.0,45628753.666666664,45664752.333333336,45700751.0,45736749.666666664,45772748.333333336,45808747,45935302.0,46061857.0,46188412.0,46314967.0,46441522.0
2022,46568077.0,46694632.0,46821187.0,46947742.0,47074297.0,47200852.0,47327407,47327407,47327407,47327407,47327407,47327407
